http://ovcsports.com/custompages/stats/football/2016/apsu.htm,data/2016/ovc/austin_peay.csv
http://ovcsports.com/custompages/stats/football/2016/eiu.htm,data/2016/ovc/eastern_illinois.csv
http://ovcsports.com/custompages/stats/football/2016/eku.htm,data/2016/ovc/eastern_kentucky.csv
http://ovcsports.com/custompages/stats/football/2016/jsu.htm,data/2016/ovc/jacksonville_state.csv
http://ovcsports.com/custompages/stats/football/2016/mur.htm,data/2016/ovc/murray_state.csv
http://ovcsports.com/custompages/stats/football/2016/semo.htm,data/2016/ovc/souteast_missouri_state.csv
http://ovcsports.com/custompages/stats/football/2016/tsu.htm,data/2016/ovc/tennessee_state.csv
http://ovcsports.com/custompages/stats/football/2016/ttu.htm,data/2016/ovc/tennessee_tech.csv
http://ovcsports.com/custompages/stats/football/2016/utm.htm,data/2016/ovc/tennessee_martin.csv
http://ovcsports.com/custompages/stats/football/2015/apsu.htm,data/2015/ovc/austin_peay.csv
http://ovcsports.com/custompages/stats/football/2015/eiu.htm,data/2015/ovc/eastern_illinois.csv
http://ovcsports.com/custompages/stats/football/2015/eku.htm,data/2015/ovc/eastern_kentucky.csv
http://ovcsports.com/custompages/stats/football/2015/jsu.htm,data/2015/ovc/jacksonville_state.csv
http://ovcsports.com/custompages/stats/football/2015/mur.htm,data/2015/ovc/murray_state.csv
http://ovcsports.com/custompages/stats/football/2015/semo.htm,data/2015/ovc/souteast_missouri_state.csv
http://ovcsports.com/custompages/stats/football/2015/tsu.htm,data/2015/ovc/tennessee_state.csv
http://ovcsports.com/custompages/stats/football/2015/ttu.htm,data/2015/ovc/tennessee_tech.csv
http://ovcsports.com/custompages/stats/football/2015/utm.htm,data/2015/ovc/tennessee_martin.csv
http://ovcsports.com/custompages/stats/football/2014/apsu.htm,data/2014/ovc/austin_peay.csv
http://ovcsports.com/custompages/stats/football/2014/eiu.htm,data/2014/ovc/eastern_illinois.csv
http://ovcsports.com/custompages/stats/football/2014/eku.htm,data/2014/ovc/eastern_kentucky.csv
http://ovcsports.com/custompages/stats/football/2014/jsu.htm,data/2014/ovc/jacksonville_state.csv
http://ovcsports.com/custompages/stats/football/2014/mur.htm,data/2014/ovc/murray_state.csv
http://ovcsports.com/custompages/stats/football/2014/semo.htm,data/2014/ovc/souteast_missouri_state.csv
http://ovcsports.com/custompages/stats/football/2014/tsu.htm,data/2014/ovc/tennessee_state.csv
http://ovcsports.com/custompages/stats/football/2014/ttu.htm,data/2014/ovc/tennessee_tech.csv
http://ovcsports.com/custompages/stats/football/2014/utm.htm,data/2014/ovc/tennessee_martin.csv
http://ovcsports.com/custompages/stats/football/2013/apsu.htm,data/2013/ovc/austin_peay.csv
http://ovcsports.com/custompages/stats/football/2013/eiu.htm,data/2013/ovc/eastern_illinois.csv
http://ovcsports.com/custompages/stats/football/2013/eku.htm,data/2013/ovc/eastern_kentucky.csv
http://ovcsports.com/custompages/stats/football/2013/jsu.htm,data/2013/ovc/jacksonville_state.csv
http://ovcsports.com/custompages/stats/football/2013/mur.htm,data/2013/ovc/murray_state.csv
http://ovcsports.com/custompages/stats/football/2013/semo.htm,data/2013/ovc/souteast_missouri_state.csv
http://ovcsports.com/custompages/stats/football/2013/tsu.htm,data/2013/ovc/tennessee_state.csv
http://ovcsports.com/custompages/stats/football/2013/ttu.htm,data/2013/ovc/tennessee_tech.csv
http://ovcsports.com/custompages/stats/football/2013/utm.htm,data/2013/ovc/tennessee_martin.csv
http://ovcsports.com/custompages/stats/football/2012/apsu.htm,data/2012/ovc/austin_peay.csv
http://ovcsports.com/custompages/stats/football/2012/eiu.htm,data/2012/ovc/eastern_illinois.csv
http://ovcsports.com/custompages/stats/football/2012/eku.htm,data/2012/ovc/eastern_kentucky.csv
http://ovcsports.com/custompages/stats/football/2012/jsu.htm,data/2012/ovc/jacksonville_state.csv
http://ovcsports.com/custompages/stats/football/2012/mur.htm,data/2012/ovc/murray_state.csv
http://ovcsports.com/custompages/stats/football/2012/semo.htm,data/2012/ovc/souteast_missouri_state.csv
http://ovcsports.com/custompages/stats/football/2012/tsu.htm,data/2012/ovc/tennessee_state.csv
http://ovcsports.com/custompages/stats/football/2012/ttu.htm,data/2012/ovc/tennessee_tech.csv
http://ovcsports.com/custompages/stats/football/2012/utm.htm,data/2012/ovc/tennessee_martin.csv
http://ovcsports.com/custompages/stats/football/2011/apsu.htm,data/2011/ovc/austin_peay.csv
http://ovcsports.com/custompages/stats/football/2011/eiu.htm,data/2011/ovc/eastern_illinois.csv
http://ovcsports.com/custompages/stats/football/2011/eku.htm,data/2011/ovc/eastern_kentucky.csv
http://ovcsports.com/custompages/stats/football/2011/jsu.htm,data/2011/ovc/jacksonville_state.csv
http://ovcsports.com/custompages/stats/football/2011/mur.htm,data/2011/ovc/murray_state.csv
http://ovcsports.com/custompages/stats/football/2011/semo.htm,data/2011/ovc/souteast_missouri_state.csv
http://ovcsports.com/custompages/stats/football/2011/tsu.htm,data/2011/ovc/tennessee_state.csv
http://ovcsports.com/custompages/stats/football/2011/ttu.htm,data/2011/ovc/tennessee_tech.csv
http://ovcsports.com/custompages/stats/football/2011/utm.htm,data/2011/ovc/tennessee_martin.csv
http://ovcsports.com/custompages/stats/football/2010/apsu.htm,data/2010/ovc/austin_peay.csv
http://ovcsports.com/custompages/stats/football/2010/eiu.htm,data/2010/ovc/eastern_illinois.csv
http://ovcsports.com/custompages/stats/football/2010/eku.htm,data/2010/ovc/eastern_kentucky.csv
http://ovcsports.com/custompages/stats/football/2010/jsu.htm,data/2010/ovc/jacksonville_state.csv
http://ovcsports.com/custompages/stats/football/2010/mur.htm,data/2010/ovc/murray_state.csv
http://ovcsports.com/custompages/stats/football/2010/semo.htm,data/2010/ovc/souteast_missouri_state.csv
http://ovcsports.com/custompages/stats/football/2010/tsu.htm,data/2010/ovc/tennessee_state.csv
http://ovcsports.com/custompages/stats/football/2010/ttu.htm,data/2010/ovc/tennessee_tech.csv
http://ovcsports.com/custompages/stats/football/2010/utm.htm,data/2010/ovc/tennessee_martin.csv
http://ovcsports.com/custompages/stats/football/2009/apsu.htm,data/2009/ovc/austin_peay.csv
http://ovcsports.com/custompages/stats/football/2009/eiu.htm,data/2009/ovc/eastern_illinois.csv
http://ovcsports.com/custompages/stats/football/2009/eku.htm,data/2009/ovc/eastern_kentucky.csv
http://ovcsports.com/custompages/stats/football/2009/jsu.htm,data/2009/ovc/jacksonville_state.csv
http://ovcsports.com/custompages/stats/football/2009/mur.htm,data/2009/ovc/murray_state.csv
http://ovcsports.com/custompages/stats/football/2009/semo.htm,data/2009/ovc/souteast_missouri_state.csv
http://ovcsports.com/custompages/stats/football/2009/tsu.htm,data/2009/ovc/tennessee_state.csv
http://ovcsports.com/custompages/stats/football/2009/ttu.htm,data/2009/ovc/tennessee_tech.csv
http://ovcsports.com/custompages/stats/football/2009/utm.htm,data/2009/ovc/tennessee_martin.csv
http://ovcsports.com/custompages/stats/football/2008/apsu.htm,data/2008/ovc/austin_peay.csv
http://ovcsports.com/custompages/stats/football/2008/eiu.htm,data/2008/ovc/eastern_illinois.csv
http://ovcsports.com/custompages/stats/football/2008/eku.htm,data/2008/ovc/eastern_kentucky.csv
http://ovcsports.com/custompages/stats/football/2008/jsu.htm,data/2008/ovc/jacksonville_state.csv
http://ovcsports.com/custompages/stats/football/2008/mur.htm,data/2008/ovc/murray_state.csv
http://ovcsports.com/custompages/stats/football/2008/semo.htm,data/2008/ovc/souteast_missouri_state.csv
http://ovcsports.com/custompages/stats/football/2008/tsu.htm,data/2008/ovc/tennessee_state.csv
http://ovcsports.com/custompages/stats/football/2008/ttu.htm,data/2008/ovc/tennessee_tech.csv
http://ovcsports.com/custompages/stats/football/2008/utm.htm,data/2008/ovc/tennessee_martin.csv
